ID_MUNICIPIO,NOME_MUNICIPIO,CODIGO_INFRACAO,DESCRICAO_INFRACAO,UF_PLACA_VEICULO,TIPO_VEICULO,CATEGORIA_VEICULO,QTDE,MES,ANO
6483,IACANGA,5525-0,ESTACIONAR NA CONTRAMAO DE DIRECAO,SP,AUTOMOVEL,PARTICULAR,1,7,2026
6291,CAMPINAS,5347-0,"DEIXAR O CONDUTOR ENVOLVIDO EM ACIDENTE S/ VITIMA, DE REMOVER O VEICULO DO LOCAL",SP,AUTOMOVEL,PARTICULAR,1,7,2026
7107,SAO PAULO,6726-1,"CONDUZIR O VEICULO EM MAU ESTADO DE CONSERVACAO, COMPROMETENDO A SEGURANCA",SP,MOTOCICLO,PARTICULAR,1,7,2026
6477,GUARULHOS,7030-1,Conduzir motoc/moton/ciclom s/ capacete de seguranca,SP,MOTOCICLO,PARTICULAR,1,7,2026
7107,SAO PAULO,5002-0,"Multa, por nao identificacao do condutor infrator, imposta a pessoa juridica",Outras UFs,AUTOMOVEL,PARTICULAR,6,7,2026
7107,SAO PAULO,6920-1,"Deixar de efetuar registro do veiculo em 30 dias, qdo for transf a propriedade",SP,UTILITARIO,PARTICULAR,1,7,2026
7107,SAO PAULO,7820-0,"DEIXAR DE REALIZAR O EXAME TOXICOLOGICO DO ART 148A, APOS 30 DIAS DO VENCIMENTO",Outras UFs,MOTOCICLO,PARTICULAR,5,7,2026
7107,SAO PAULO,6432-2,TRANSITAR COM O FACHO DE LUZ ALTA PERTURBANDO VISAO OUTRO CONDUTOR,SP,AUTOMOVEL,PARTICULAR,1,7,2026
7183,TAUBATE,5185-2,Deixar o passageiro de usar o cinto seguranca,SP,AUTOMOVEL,PARTICULAR,1,7,2026
7183,TAUBATE,6726-1,"CONDUZIR O VEICULO EM MAU ESTADO DE CONSERVACAO, COMPROMETENDO A SEGURANCA",SP,AUTOMOVEL,PARTICULAR,1,7,2026
7107,SAO PAULO,7579-0,"REC SUB TEST, EX CLIN, PERIC OU PROC Q PERM CERT INFL ALC/SUB PSIC FOR ART. 277",SP,CAMIONETA,PARTICULAR,1,7,2026
6309,CAPIVARI,7366-2,DIRIGIR VEICULO UTILIZANDO-SE DE TELEFONE CELULAR,SP,AUTOMOVEL,PARTICULAR,1,7,2026
7107,SAO PAULO,7684-2,Cond motoc/moton/ciclom c/ util cap de seg c/ vis/ocul prot des c/ regul Contran,SP,MOTOCICLO,PARTICULAR,1,7,2026
7107,SAO PAULO,6530-0,USAR NO VEICULO EQUIP C/ SOM EM VOLUME/FREQUENCIA NAO AUTORIZADOS PELO CONTRAN,SP,AUTOMOVEL,PARTICULAR,1,7,2026
7107,SAO PAULO,5819-2,"TRANSITAR COM O VEICULO EM CICLOVIAS, CICLOFAIXAS",SP,MOTOCICLO,PARTICULAR,1,7,2026
6619,JUNDIAI,6599-2,CONDUZIR O VEICULO REGISTRADO QUE NAO ESTEJA DEVIDAMENTE LICENCIADO,SP,AUTOMOVEL,PARTICULAR,1,7,2026
7107,SAO PAULO,5681-0,TRANSITAR NA FAIXA/PISTA DA DIREITA REGUL CIRCULACAO EXCLUSIVA DETERM VEICULO,SP,AUTOMOVEL,PARTICULAR,1,7,2026
7071,SANTOS,6050-2,AVANCAR O SINAL DE PARADA OBRIGATORIA,SP,MOTOCICLO,PARTICULAR,1,7,2026
7107,SAO PAULO,7633-2,Dirigir veiculo manuseando telefone celular,SP,AUTOMOVEL,PARTICULAR,1,7,2026
7181,TATUI,6653-1,CONDUZIR O VEICULO COM DESCARGA LIVRE,SP,MOTOCICLO,PARTICULAR,1,7,2026
6425,FRANCA,7633-2,Dirigir veiculo manuseando telefone celular,SP,AUTOMOVEL,PARTICULAR,1,7,2026
6723,MONGAGUA,7544-1,Falta de escrituracao livro registro entrada/saida e de uso placa de experiencia,SP,AUTOMOVEL,PARTICULAR,1,7,2026
7107,SAO PAULO,7366-2,DIRIGIR VEICULO UTILIZANDO-SE DE TELEFONE CELULAR,Outras UFs,AUTOMOVEL,PARTICULAR,1,7,2026
7107,SAO PAULO,5185-1,Deixar o condutor de usar o cinto seguranca,SP,AUTOMOVEL,PARTICULAR,1,7,2026
7107,SAO PAULO,5002-0,"Multa, por nao identificacao do condutor infrator, imposta a pessoa juridica",SP,AUTOMOVEL,PARTICULAR,2,7,2026
7107,SAO PAULO,5185-2,Deixar o passageiro de usar o cinto seguranca,SP,AUTOMOVEL,PARTICULAR,1,7,2026
7107,SAO PAULO,7633-1,Dirigir veiculo segurando telefone celular,Outras UFs,AUTOMOVEL,PARTICULAR,1,7,2026
6969,RIBEIRAO PRETO,5185-1,Deixar o condutor de usar o cinto seguranca,SP,AUTOMOVEL,PARTICULAR,1,7,2026
7107,SAO PAULO,6491-0,USAR BUZINA PROLONGADA E SUCESSIVAMENTE A QUALQUER PRETEXTO,SP,AUTOMOVEL,PARTICULAR,1,7,2026
7107,SAO PAULO,5738-0,TRANSITAR PELA CONTRAMAO DE DIRECAO EM VIA C/ SINALIZACAO DE REGUL SENTIDO UNICO,Outras UFs,MOTOCICLO,PARTICULAR,1,7,2026
6211,BARRINHA,7633-2,Dirigir veiculo manuseando telefone celular,SP,AUTOMOVEL,PARTICULAR,1,7,2026
7181,TATUI,7684-2,Cond motoc/moton/ciclom c/ util cap de seg c/ vis/ocul prot des c/ regul Contran,SP,MOTOCICLO,PARTICULAR,1,7,2026
7107,SAO PAULO,6920-1,"Deixar de efetuar registro do veiculo em 30 dias, qdo for transf a propriedade",SP,MOTONETA,PARTICULAR,3,7,2026
7107,SAO PAULO,6769-0,"CONDUZIR VEIC C/ DEFEITO NO SIST DE ILUMINACAO, SINALIZ OU LAMPADAS QUEIMADAS",SP,AUTOMOVEL,PARTICULAR,1,7,2026
7099,SAO JOSE DOS CAMPOS,7633-1,Dirigir veiculo segurando telefone celular,SP,AUTOMOVEL,PARTICULAR,1,7,2026
7107,SAO PAULO,6653-1,CONDUZIR O VEICULO COM DESCARGA LIVRE,SP,MOTOCICLO,PARTICULAR,1,7,2026
7107,SAO PAULO,5274-1,UTILIZ VEIC DEMONST/EXIBIR MANOBRA PERIGOSA MEDIANTE ARRANCADA BRUSCA,SP,MOTOCICLO,PARTICULAR,2,7,2026
7107,SAO PAULO,6050-1,AVAN O SIN VERM DO SEMAF EXC SE HOUVER SINALIZ PERM LIVRE CONV A DIR,SP,AUTOMOVEL,PARTICULAR,1,7,2026
6475,GUARUJA,6041-2,EXECUTAR OPERACAO DE CONVERSAO A ESQUERDA EM LOCAL PROIBIDO PELA SINALIZACAO,SP,CAMINHAO,PARTICULAR,1,7,2026
7107,SAO PAULO,6920-1,"Deixar de efetuar registro do veiculo em 30 dias, qdo for transf a propriedade",SP,AUTOMOVEL,PARTICULAR,13,7,2026
7107,SAO PAULO,6920-1,"Deixar de efetuar registro do veiculo em 30 dias, qdo for transf a propriedade",SP,MOTOCICLO,PARTICULAR,5,7,2026
6639,LIMEIRA,7056-1,CONDUZIR MOTOC/MOTON/CICLOMOTOR FAZENDO MALABARISMO/EQUILIBRANDO-SE EM UMA RODA,SP,MOTOCICLO,PARTICULAR,1,7,2026
7107,SAO PAULO,7048-1,"CONDUZIR MOTOCICLETA, MOTONETA E CICLOMOTOR TRANSPORTANDO PASSAGEIRO S/ CAPACETE",SP,MOTOCICLO,PARTICULAR,1,7,2026
7099,SAO JOSE DOS CAMPOS,5185-1,Deixar o condutor de usar o cinto seguranca,SP,AUTOMOVEL,PARTICULAR,1,7,2026
7145,SOROCABA,5819-1,"TRANSITAR COM O VEICULO EM CALCADAS, PASSEIOS",SP,MOTOCICLO,PARTICULAR,1,7,2026
7099,SAO JOSE DOS CAMPOS,7633-2,Dirigir veiculo manuseando telefone celular,SP,CAMINHONET,PARTICULAR,1,7,2026
7107,SAO PAULO,6769-0,"CONDUZIR VEIC C/ DEFEITO NO SIST DE ILUMINACAO, SINALIZ OU LAMPADAS QUEIMADAS",Outras UFs,AUTOMOVEL,PARTICULAR,2,7,2026
6291,CAMPINAS,5037-2,DIRIGIR VEICULO COM PPD DE CATEGORIA DIFERENTE DA DO VEICULO,SP,MOTOCICLO,PARTICULAR,1,7,2026
